INSERT INTO department values(0001,'システム部技術課');
INSERT INTO department values(0002,'システム部開発課');
INSERT INTO department values(0003,'人事部人事課');
INSERT INTO department values(0004,'人事部経理課');
INSERT INTO department values(0005,'総務部総務課');
INSERT INTO department values(0006,'総務部広報課');
INSERT INTO department values(0007,'総務部施設管理課');
INSERT INTO department values(0008,'営業部営業1課');
INSERT INTO department values(0009,'営業部営業2課');
INSERT INTO department values(0010,'食品部加工課');
INSERT INTO department values(0011,'食品部研究課');
INSERT INTO department values(0012,'食品部出荷課');

INSERT INTO employee_list(employeeid,name,pass,cardid,department_code,secret_code) VALUES(employeeid.nextval,'tanaka','testpass','0000',0001,1);
INSERT INTO employee_list(employeeid,name,pass,cardid,department_code,secret_code) VALUES(employeeid.nextval,'sunagawa','testpass','0000',0002,1);
INSERT INTO employee_list(employeeid,name,pass,cardid,department_code,secret_code) VALUES(employeeid.nextval,'sanada','testpass','0000',0003,1);
INSERT INTO employee_list(employeeid,name,pass,cardid,department_code,secret_code) VALUES(employeeid.nextval,'katou','testpass','0000',0004,1);
INSERT INTO employee_list(employeeid,name,pass,cardid,department_code,secret_code) VALUES(employeeid.nextval,'kusunoki','testpass','0000',0005,1);
INSERT INTO employee_list(employeeid,name,pass,cardid,department_code,secret_code) VALUES(employeeid.nextval,'tanaka','testpass','0000',0006,1);
INSERT INTO employee_list(employeeid,name,pass,cardid,department_code) VALUES(employeeid.nextval,'kimura','testpass','0000',0007,1);
INSERT INTO employee_list(employeeid,name,pass,cardid,department_code) VALUES(employeeid.nextval,'tanaka','testpass','0000',0008);
INSERT INTO employee_list(employeeid,name,pass,cardid,department_code) VALUES(employeeid.nextval,'sunagawa','testpass','0000',0009);
INSERT INTO employee_list(employeeid,name,pass,cardid,department_code) VALUES(employeeid.nextval,'sanada','testpass','0000',0010);
INSERT INTO employee_list(employeeid,name,pass,cardid,department_code) VALUES(employeeid.nextval,'katou','testpass','0000',0011);
INSERT INTO employee_list(employeeid,name,pass,cardid,department_code) VALUES(employeeid.nextval,'kusunoki','testpass','0000',0012);

INSERT INTO assignment VALUES(1000,'tanaka',0001);
INSERT INTO assignment VALUES(1001,'sunagawa',0002);
INSERT INTO assignment VALUES(1002,'sanada',0003);
INSERT INTO assignment VALUES(1003,'katou',0004);
INSERT INTO assignment VALUES(1004,'kusunoki',0005);
INSERT INTO assignment VALUES(1005,'tanaka',0006);
INSERT INTO assignment VALUES(1006,'kimura',0007);
INSERT INTO assignment VALUES(1007,'tanaka',0008);
INSERT INTO assignment VALUES(1008,'sunagawa',0009);
INSERT INTO assignment VALUES(1009,'sanada',0010);
INSERT INTO assignment VALUES(1010,'katou',0011);
INSERT INTO assignment VALUES(1011,'kusunoki',0012);

INSERT INTO time_sheets VALUES(1000,TO_DATE('2020-11-28','RRRR-MM-DD'),TO_DATE('2020-11-28 09:00','RRRR-MM-DD HH24:MI'),TO_DATE('2020-11-28 12:00','RRRR-MM-DD HH24:MI'),TO_DATE('2020-11-28 13:00','RRRR-MM-DD HH24:MI'),TO_DATE('2020-11-28 18:00','RRRR-MM-DD HH24:MI'));
INSERT INTO time_sheets VALUES(1001,TO_DATE('2020-11-28','RRRR-MM-DD'),TO_DATE('2020-11-28 09:00','RRRR-MM-DD HH24:MI'),TO_DATE('2020-11-28 12:00','RRRR-MM-DD HH24:MI'),TO_DATE('2020-11-28 13:00','RRRR-MM-DD HH24:MI'),TO_DATE('2020-11-28 18:00','RRRR-MM-DD HH24:MI'));
INSERT INTO time_sheets VALUES(1002,TO_DATE('2020-11-28','RRRR-MM-DD'),TO_DATE('2020-11-28 09:00','RRRR-MM-DD HH24:MI'),TO_DATE('2020-11-28 12:00','RRRR-MM-DD HH24:MI'),TO_DATE('2020-11-28 13:00','RRRR-MM-DD HH24:MI'),TO_DATE('2020-11-28 18:00','RRRR-MM-DD HH24:MI'));
INSERT INTO time_sheets VALUES(1003,TO_DATE('2020-11-28','RRRR-MM-DD'),TO_DATE('2020-11-28 09:00','RRRR-MM-DD HH24:MI'),TO_DATE('2020-11-28 12:00','RRRR-MM-DD HH24:MI'),TO_DATE('2020-11-28 13:00','RRRR-MM-DD HH24:MI'),TO_DATE('2020-11-28 18:00','RRRR-MM-DD HH24:MI'));
INSERT INTO time_sheets VALUES(1004,TO_DATE('2020-11-28','RRRR-MM-DD'),TO_DATE('2020-11-28 09:00','RRRR-MM-DD HH24:MI'),TO_DATE('2020-11-28 12:00','RRRR-MM-DD HH24:MI'),TO_DATE('2020-11-28 13:00','RRRR-MM-DD HH24:MI'),TO_DATE('2020-11-28 18:00','RRRR-MM-DD HH24:MI'));
INSERT INTO time_sheets VALUES(1005,TO_DATE('2020-11-28','RRRR-MM-DD'),TO_DATE('2020-11-28 09:00','RRRR-MM-DD HH24:MI'),TO_DATE('2020-11-28 12:00','RRRR-MM-DD HH24:MI'),TO_DATE('2020-11-28 13:00','RRRR-MM-DD HH24:MI'),TO_DATE('2020-11-28 18:00','RRRR-MM-DD HH24:MI'));
INSERT INTO time_sheets VALUES(1006,TO_DATE('2020-11-28','RRRR-MM-DD'),TO_DATE('2020-11-28 09:00','RRRR-MM-DD HH24:MI'),TO_DATE('2020-11-28 12:00','RRRR-MM-DD HH24:MI'),TO_DATE('2020-11-28 13:00','RRRR-MM-DD HH24:MI'),TO_DATE('2020-11-28 18:00','RRRR-MM-DD HH24:MI'));
INSERT INTO time_sheets VALUES(1007,TO_DATE('2020-11-28','RRRR-MM-DD'),TO_DATE('2020-11-28 09:00','RRRR-MM-DD HH24:MI'),TO_DATE('2020-11-28 12:00','RRRR-MM-DD HH24:MI'),TO_DATE('2020-11-28 13:00','RRRR-MM-DD HH24:MI'),TO_DATE('2020-11-28 18:00','RRRR-MM-DD HH24:MI'));
INSERT INTO time_sheets VALUES(1008,TO_DATE('2020-11-28','RRRR-MM-DD'),TO_DATE('2020-11-28 09:00','RRRR-MM-DD HH24:MI'),TO_DATE('2020-11-28 12:00','RRRR-MM-DD HH24:MI'),TO_DATE('2020-11-28 13:00','RRRR-MM-DD HH24:MI'),TO_DATE('2020-11-28 18:00','RRRR-MM-DD HH24:MI'));
INSERT INTO time_sheets VALUES(1009,TO_DATE('2020-11-28','RRRR-MM-DD'),TO_DATE('2020-11-28 09:00','RRRR-MM-DD HH24:MI'),TO_DATE('2020-11-28 12:00','RRRR-MM-DD HH24:MI'),TO_DATE('2020-11-28 13:00','RRRR-MM-DD HH24:MI'),TO_DATE('2020-11-28 18:00','RRRR-MM-DD HH24:MI'));
INSERT INTO time_sheets VALUES(1010,TO_DATE('2020-11-28','RRRR-MM-DD'),TO_DATE('2020-11-28 09:00','RRRR-MM-DD HH24:MI'),TO_DATE('2020-11-28 12:00','RRRR-MM-DD HH24:MI'),TO_DATE('2020-11-28 13:00','RRRR-MM-DD HH24:MI'),TO_DATE('2020-11-28 18:00','RRRR-MM-DD HH24:MI'));
INSERT INTO time_sheets VALUES(1011,TO_DATE('2020-11-28','RRRR-MM-DD'),TO_DATE('2020-11-28 09:00','RRRR-MM-DD HH24:MI'),TO_DATE('2020-11-28 12:00','RRRR-MM-DD HH24:MI'),TO_DATE('2020-11-28 13:00','RRRR-MM-DD HH24:MI'),TO_DATE('2020-11-28 18:00','RRRR-MM-DD HH24:MI'));



INSERT INTO time_sheets VALUES(1000,TO_DATE('2020-11-30','RRRR-MM-DD'),TO_DATE('2020-11-30 09:00','RRRR-MM-DD HH24:MI'),TO_DATE('2020-11-30 12:00','RRRR-MM-DD HH24:MI'),TO_DATE('2020-11-30 13:00','RRRR-MM-DD HH24:MI'),TO_DATE('2020-11-30 18:00','RRRR-MM-DD HH24:MI'));
INSERT INTO time_sheets VALUES(1001,TO_DATE('2020-11-30','RRRR-MM-DD'),TO_DATE('2020-11-30 09:00','RRRR-MM-DD HH24:MI'),TO_DATE('2020-11-30 12:00','RRRR-MM-DD HH24:MI'),TO_DATE('2020-11-30 13:00','RRRR-MM-DD HH24:MI'),TO_DATE('2020-11-30 18:00','RRRR-MM-DD HH24:MI'));
INSERT INTO time_sheets VALUES(1002,TO_DATE('2020-11-30','RRRR-MM-DD'),TO_DATE('2020-11-30 09:00','RRRR-MM-DD HH24:MI'),TO_DATE('2020-11-30 12:00','RRRR-MM-DD HH24:MI'),TO_DATE('2020-11-30 13:00','RRRR-MM-DD HH24:MI'),TO_DATE('2020-11-30 18:00','RRRR-MM-DD HH24:MI'));
INSERT INTO time_sheets VALUES(1010,TO_DATE('2020-11-30','RRRR-MM-DD'),TO_DATE('2020-11-30 09:00','RRRR-MM-DD HH24:MI'),TO_DATE('2020-11-30 12:00','RRRR-MM-DD HH24:MI'),TO_DATE('2020-11-30 13:00','RRRR-MM-DD HH24:MI'),TO_DATE('2020-11-30 18:00','RRRR-MM-DD HH24:MI'));
INSERT INTO time_sheets VALUES(1011,TO_DATE('2020-11-30','RRRR-MM-DD'),TO_DATE('2020-11-30 09:00','RRRR-MM-DD HH24:MI'),TO_DATE('2020-11-30 12:00','RRRR-MM-DD HH24:MI'),TO_DATE('2020-11-30 13:00','RRRR-MM-DD HH24:MI'),TO_DATE('2020-11-30 18:00','RRRR-MM-DD HH24:MI'));

INSERT INTO time_sheets VALUES(1000,TO_DATE('2020-12-01','RRRR-MM-DD'),TO_DATE('2020-12-01 09:00','RRRR-MM-DD HH24:MI'),TO_DATE('2020-12-01 12:00','RRRR-MM-DD HH24:MI'),TO_DATE('2020-12-01 13:00','RRRR-MM-DD HH24:MI'),TO_DATE('2020-12-01 18:00','RRRR-MM-DD HH24:MI'));
INSERT INTO time_sheets VALUES(1001,TO_DATE('2020-12-01','RRRR-MM-DD'),TO_DATE('2020-12-01 09:00','RRRR-MM-DD HH24:MI'),TO_DATE('2020-12-01 12:00','RRRR-MM-DD HH24:MI'),TO_DATE('2020-12-01 13:00','RRRR-MM-DD HH24:MI'),TO_DATE('2020-12-01 18:00','RRRR-MM-DD HH24:MI'));
INSERT INTO time_sheets VALUES(1002,TO_DATE('2020-12-01','RRRR-MM-DD'),TO_DATE('2020-12-01 09:00','RRRR-MM-DD HH24:MI'),TO_DATE('2020-12-01 12:00','RRRR-MM-DD HH24:MI'),TO_DATE('2020-12-01 13:00','RRRR-MM-DD HH24:MI'),TO_DATE('2020-12-01 18:00','RRRR-MM-DD HH24:MI'));
INSERT INTO time_sheets VALUES(1003,TO_DATE('2020-12-01','RRRR-MM-DD'),TO_DATE('2020-12-01 09:00','RRRR-MM-DD HH24:MI'),TO_DATE('2020-12-01 12:00','RRRR-MM-DD HH24:MI'),TO_DATE('2020-12-01 13:00','RRRR-MM-DD HH24:MI'),TO_DATE('2020-12-01 18:00','RRRR-MM-DD HH24:MI'));
INSERT INTO time_sheets VALUES(1004,TO_DATE('2020-12-01','RRRR-MM-DD'),TO_DATE('2020-12-01 09:00','RRRR-MM-DD HH24:MI'),TO_DATE('2020-12-01 12:00','RRRR-MM-DD HH24:MI'),TO_DATE('2020-12-01 13:00','RRRR-MM-DD HH24:MI'),TO_DATE('2020-12-01 18:00','RRRR-MM-DD HH24:MI'));
INSERT INTO time_sheets VALUES(1005,TO_DATE('2020-12-01','RRRR-MM-DD'),TO_DATE('2020-12-01 09:00','RRRR-MM-DD HH24:MI'),TO_DATE('2020-12-01 12:00','RRRR-MM-DD HH24:MI'),TO_DATE('2020-12-01 13:00','RRRR-MM-DD HH24:MI'),TO_DATE('2020-12-01 18:00','RRRR-MM-DD HH24:MI'));
INSERT INTO time_sheets VALUES(1006,TO_DATE('2020-12-01','RRRR-MM-DD'),TO_DATE('2020-12-01 09:00','RRRR-MM-DD HH24:MI'),TO_DATE('2020-12-01 12:00','RRRR-MM-DD HH24:MI'),TO_DATE('2020-12-01 13:00','RRRR-MM-DD HH24:MI'),TO_DATE('2020-12-01 18:00','RRRR-MM-DD HH24:MI'));
INSERT INTO time_sheets VALUES(1007,TO_DATE('2020-12-01','RRRR-MM-DD'),TO_DATE('2020-12-01 09:00','RRRR-MM-DD HH24:MI'),TO_DATE('2020-12-01 12:00','RRRR-MM-DD HH24:MI'),TO_DATE('2020-12-01 13:00','RRRR-MM-DD HH24:MI'),TO_DATE('2020-12-01 18:00','RRRR-MM-DD HH24:MI'));
INSERT INTO time_sheets VALUES(1008,TO_DATE('2020-12-01','RRRR-MM-DD'),TO_DATE('2020-12-01 09:00','RRRR-MM-DD HH24:MI'),TO_DATE('2020-12-01 12:00','RRRR-MM-DD HH24:MI'),TO_DATE('2020-12-01 13:00','RRRR-MM-DD HH24:MI'),TO_DATE('2020-12-01 18:00','RRRR-MM-DD HH24:MI'));
INSERT INTO time_sheets VALUES(1009,TO_DATE('2020-12-01','RRRR-MM-DD'),TO_DATE('2020-12-01 09:00','RRRR-MM-DD HH24:MI'),TO_DATE('2020-12-01 12:00','RRRR-MM-DD HH24:MI'),TO_DATE('2020-12-01 13:00','RRRR-MM-DD HH24:MI'),TO_DATE('2020-12-01 18:00','RRRR-MM-DD HH24:MI'));
INSERT INTO time_sheets VALUES(1010,TO_DATE('2020-12-01','RRRR-MM-DD'),TO_DATE('2020-12-01 09:00','RRRR-MM-DD HH24:MI'),TO_DATE('2020-12-01 12:00','RRRR-MM-DD HH24:MI'),TO_DATE('2020-12-01 13:00','RRRR-MM-DD HH24:MI'),TO_DATE('2020-12-01 18:00','RRRR-MM-DD HH24:MI'));
INSERT INTO time_sheets VALUES(1011,TO_DATE('2020-12-01','RRRR-MM-DD'),TO_DATE('2020-12-01 09:00','RRRR-MM-DD HH24:MI'),TO_DATE('2020-12-01 12:00','RRRR-MM-DD HH24:MI'),TO_DATE('2020-12-01 13:00','RRRR-MM-DD HH24:MI'),TO_DATE('2020-12-01 18:00','RRRR-MM-DD HH24:MI'));

INSERT INTO time_sheets VALUES(1000,TO_DATE('2020-12-02','RRRR-MM-DD'),TO_DATE('2020-12-02 09:00','RRRR-MM-DD HH24:MI'),TO_DATE('2020-12-02 12:00','RRRR-MM-DD HH24:MI'),TO_DATE('2020-12-02 13:00','RRRR-MM-DD HH24:MI'),TO_DATE('2020-12-02 18:00','RRRR-MM-DD HH24:MI'));
INSERT INTO time_sheets VALUES(1001,TO_DATE('2020-12-02','RRRR-MM-DD'),TO_DATE('2020-12-02 09:00','RRRR-MM-DD HH24:MI'),TO_DATE('2020-12-02 12:00','RRRR-MM-DD HH24:MI'),TO_DATE('2020-12-02 13:00','RRRR-MM-DD HH24:MI'),TO_DATE('2020-12-02 18:00','RRRR-MM-DD HH24:MI'));
INSERT INTO time_sheets VALUES(1002,TO_DATE('2020-12-02','RRRR-MM-DD'),TO_DATE('2020-12-02 09:00','RRRR-MM-DD HH24:MI'),TO_DATE('2020-12-02 12:00','RRRR-MM-DD HH24:MI'),TO_DATE('2020-12-02 13:00','RRRR-MM-DD HH24:MI'),TO_DATE('2020-12-02 18:00','RRRR-MM-DD HH24:MI'));
INSERT INTO time_sheets VALUES(1003,TO_DATE('2020-12-02','RRRR-MM-DD'),TO_DATE('2020-12-02 09:00','RRRR-MM-DD HH24:MI'),TO_DATE('2020-12-02 12:00','RRRR-MM-DD HH24:MI'),TO_DATE('2020-12-02 13:00','RRRR-MM-DD HH24:MI'),TO_DATE('2020-12-02 18:00','RRRR-MM-DD HH24:MI'));
INSERT INTO time_sheets VALUES(1004,TO_DATE('2020-12-02','RRRR-MM-DD'),TO_DATE('2020-12-02 09:00','RRRR-MM-DD HH24:MI'),TO_DATE('2020-12-02 12:00','RRRR-MM-DD HH24:MI'),TO_DATE('2020-12-02 13:00','RRRR-MM-DD HH24:MI'),TO_DATE('2020-12-02 18:00','RRRR-MM-DD HH24:MI'));
INSERT INTO time_sheets VALUES(1005,TO_DATE('2020-12-02','RRRR-MM-DD'),TO_DATE('2020-12-02 09:00','RRRR-MM-DD HH24:MI'),TO_DATE('2020-12-02 12:00','RRRR-MM-DD HH24:MI'),TO_DATE('2020-12-02 13:00','RRRR-MM-DD HH24:MI'),TO_DATE('2020-12-02 18:00','RRRR-MM-DD HH24:MI'));
INSERT INTO time_sheets VALUES(1006,TO_DATE('2020-12-02','RRRR-MM-DD'),TO_DATE('2020-12-02 09:00','RRRR-MM-DD HH24:MI'),TO_DATE('2020-12-02 12:00','RRRR-MM-DD HH24:MI'),TO_DATE('2020-12-02 13:00','RRRR-MM-DD HH24:MI'),TO_DATE('2020-12-02 18:00','RRRR-MM-DD HH24:MI'));
INSERT INTO time_sheets VALUES(1007,TO_DATE('2020-12-02','RRRR-MM-DD'),TO_DATE('2020-12-02 09:00','RRRR-MM-DD HH24:MI'),TO_DATE('2020-12-02 12:00','RRRR-MM-DD HH24:MI'),TO_DATE('2020-12-02 13:00','RRRR-MM-DD HH24:MI'),TO_DATE('2020-12-02 18:00','RRRR-MM-DD HH24:MI'));
INSERT INTO time_sheets VALUES(1008,TO_DATE('2020-12-02','RRRR-MM-DD'),TO_DATE('2020-12-02 09:00','RRRR-MM-DD HH24:MI'),TO_DATE('2020-12-02 12:00','RRRR-MM-DD HH24:MI'),TO_DATE('2020-12-02 13:00','RRRR-MM-DD HH24:MI'),TO_DATE('2020-12-02 18:00','RRRR-MM-DD HH24:MI'));
INSERT INTO time_sheets VALUES(1009,TO_DATE('2020-12-02','RRRR-MM-DD'),TO_DATE('2020-12-02 09:00','RRRR-MM-DD HH24:MI'),TO_DATE('2020-12-02 12:00','RRRR-MM-DD HH24:MI'),TO_DATE('2020-12-02 13:00','RRRR-MM-DD HH24:MI'),TO_DATE('2020-12-02 18:00','RRRR-MM-DD HH24:MI'));
INSERT INTO time_sheets VALUES(1010,TO_DATE('2020-12-02','RRRR-MM-DD'),TO_DATE('2020-12-02 09:00','RRRR-MM-DD HH24:MI'),TO_DATE('2020-12-02 12:00','RRRR-MM-DD HH24:MI'),TO_DATE('2020-12-02 13:00','RRRR-MM-DD HH24:MI'),TO_DATE('2020-12-02 18:00','RRRR-MM-DD HH24:MI'));
INSERT INTO time_sheets VALUES(1011,TO_DATE('2020-12-02','RRRR-MM-DD'),TO_DATE('2020-12-02 09:00','RRRR-MM-DD HH24:MI'),TO_DATE('2020-12-02 12:00','RRRR-MM-DD HH24:MI'),TO_DATE('2020-12-02 13:00','RRRR-MM-DD HH24:MI'),TO_DATE('2020-12-02 18:00','RRRR-MM-DD HH24:MI'));

INSERT INTO time_sheets VALUES(1000,TO_DATE('2020-12-03','RRRR-MM-DD'),TO_DATE('2020-12-03 09:00','RRRR-MM-DD HH24:MI'),TO_DATE('2020-12-03 12:00','RRRR-MM-DD HH24:MI'),TO_DATE('2020-12-03 13:00','RRRR-MM-DD HH24:MI'),TO_DATE('2020-12-03 18:00','RRRR-MM-DD HH24:MI'));
INSERT INTO time_sheets VALUES(1001,TO_DATE('2020-12-03','RRRR-MM-DD'),TO_DATE('2020-12-03 09:00','RRRR-MM-DD HH24:MI'),TO_DATE('2020-12-03 12:00','RRRR-MM-DD HH24:MI'),TO_DATE('2020-12-03 13:00','RRRR-MM-DD HH24:MI'),TO_DATE('2020-12-03 18:00','RRRR-MM-DD HH24:MI'));
INSERT INTO time_sheets VALUES(1002,TO_DATE('2020-12-03','RRRR-MM-DD'),TO_DATE('2020-12-03 09:00','RRRR-MM-DD HH24:MI'),TO_DATE('2020-12-03 12:00','RRRR-MM-DD HH24:MI'),TO_DATE('2020-12-03 13:00','RRRR-MM-DD HH24:MI'),TO_DATE('2020-12-03 18:00','RRRR-MM-DD HH24:MI'));
INSERT INTO time_sheets VALUES(1003,TO_DATE('2020-12-03','RRRR-MM-DD'),TO_DATE('2020-12-03 09:00','RRRR-MM-DD HH24:MI'),TO_DATE('2020-12-03 12:00','RRRR-MM-DD HH24:MI'),TO_DATE('2020-12-03 13:00','RRRR-MM-DD HH24:MI'),TO_DATE('2020-12-03 18:00','RRRR-MM-DD HH24:MI'));
INSERT INTO time_sheets VALUES(1004,TO_DATE('2020-12-03','RRRR-MM-DD'),TO_DATE('2020-12-03 09:00','RRRR-MM-DD HH24:MI'),TO_DATE('2020-12-03 12:00','RRRR-MM-DD HH24:MI'),TO_DATE('2020-12-03 13:00','RRRR-MM-DD HH24:MI'),TO_DATE('2020-12-03 18:00','RRRR-MM-DD HH24:MI'));
INSERT INTO time_sheets VALUES(1005,TO_DATE('2020-12-03','RRRR-MM-DD'),TO_DATE('2020-12-03 09:00','RRRR-MM-DD HH24:MI'),TO_DATE('2020-12-03 12:00','RRRR-MM-DD HH24:MI'),TO_DATE('2020-12-03 13:00','RRRR-MM-DD HH24:MI'),TO_DATE('2020-12-03 18:00','RRRR-MM-DD HH24:MI'));
INSERT INTO time_sheets VALUES(1006,TO_DATE('2020-12-03','RRRR-MM-DD'),TO_DATE('2020-12-03 09:00','RRRR-MM-DD HH24:MI'),TO_DATE('2020-12-03 12:00','RRRR-MM-DD HH24:MI'),TO_DATE('2020-12-03 13:00','RRRR-MM-DD HH24:MI'),TO_DATE('2020-12-03 18:00','RRRR-MM-DD HH24:MI'));

INSERT INTO time_sheets VALUES(1003,TO_DATE('2020-12-04','RRRR-MM-DD'),TO_DATE('2020-12-04 09:00','RRRR-MM-DD HH24:MI'),TO_DATE('2020-12-04 12:00','RRRR-MM-DD HH24:MI'),TO_DATE('2020-12-04 13:00','RRRR-MM-DD HH24:MI'),TO_DATE('2020-12-04 18:00','RRRR-MM-DD HH24:MI'));
INSERT INTO time_sheets VALUES(1004,TO_DATE('2020-12-04','RRRR-MM-DD'),TO_DATE('2020-12-04 09:00','RRRR-MM-DD HH24:MI'),TO_DATE('2020-12-04 12:00','RRRR-MM-DD HH24:MI'),TO_DATE('2020-12-04 13:00','RRRR-MM-DD HH24:MI'),TO_DATE('2020-12-04 18:00','RRRR-MM-DD HH24:MI'));
INSERT INTO time_sheets VALUES(1005,TO_DATE('2020-12-04','RRRR-MM-DD'),TO_DATE('2020-12-04 09:00','RRRR-MM-DD HH24:MI'),TO_DATE('2020-12-04 12:00','RRRR-MM-DD HH24:MI'),TO_DATE('2020-12-04 13:00','RRRR-MM-DD HH24:MI'),TO_DATE('2020-12-04 18:00','RRRR-MM-DD HH24:MI'));
INSERT INTO time_sheets VALUES(1006,TO_DATE('2020-12-04','RRRR-MM-DD'),TO_DATE('2020-12-04 09:00','RRRR-MM-DD HH24:MI'),TO_DATE('2020-12-04 12:00','RRRR-MM-DD HH24:MI'),TO_DATE('2020-12-04 13:00','RRRR-MM-DD HH24:MI'),TO_DATE('2020-12-04 18:00','RRRR-MM-DD HH24:MI'));
INSERT INTO time_sheets VALUES(1007,TO_DATE('2020-12-04','RRRR-MM-DD'),TO_DATE('2020-12-04 09:00','RRRR-MM-DD HH24:MI'),TO_DATE('2020-12-04 12:00','RRRR-MM-DD HH24:MI'),TO_DATE('2020-12-04 13:00','RRRR-MM-DD HH24:MI'),TO_DATE('2020-12-04 18:00','RRRR-MM-DD HH24:MI'));
INSERT INTO time_sheets VALUES(1008,TO_DATE('2020-12-04','RRRR-MM-DD'),TO_DATE('2020-12-04 09:00','RRRR-MM-DD HH24:MI'),TO_DATE('2020-12-04 12:00','RRRR-MM-DD HH24:MI'),TO_DATE('2020-12-04 13:00','RRRR-MM-DD HH24:MI'),TO_DATE('2020-12-04 18:00','RRRR-MM-DD HH24:MI'));
INSERT INTO time_sheets VALUES(1009,TO_DATE('2020-12-04','RRRR-MM-DD'),TO_DATE('2020-12-04 09:00','RRRR-MM-DD HH24:MI'),TO_DATE('2020-12-04 12:00','RRRR-MM-DD HH24:MI'),TO_DATE('2020-12-04 13:00','RRRR-MM-DD HH24:MI'),TO_DATE('2020-12-04 18:00','RRRR-MM-DD HH24:MI'));
INSERT INTO time_sheets VALUES(1010,TO_DATE('2020-12-04','RRRR-MM-DD'),TO_DATE('2020-12-04 09:00','RRRR-MM-DD HH24:MI'),TO_DATE('2020-12-04 12:00','RRRR-MM-DD HH24:MI'),TO_DATE('2020-12-04 13:00','RRRR-MM-DD HH24:MI'),TO_DATE('2020-12-04 18:00','RRRR-MM-DD HH24:MI'));

INSERT INTO time_sheets VALUES(1000,TO_DATE('2020-12-04','RRRR-MM-DD'),TO_DATE('2020-12-04 09:00','RRRR-MM-DD HH24:MI'),TO_DATE('2020-12-04 12:00','RRRR-MM-DD HH24:MI'),TO_DATE('2020-12-04 13:00','RRRR-MM-DD HH24:MI'),TO_DATE('2020-12-04 18:00','RRRR-MM-DD HH24:MI'));
INSERT INTO time_sheets VALUES(1001,TO_DATE('2020-12-04','RRRR-MM-DD'),TO_DATE('2020-12-04 09:00','RRRR-MM-DD HH24:MI'),TO_DATE('2020-12-04 12:00','RRRR-MM-DD HH24:MI'),TO_DATE('2020-12-04 13:00','RRRR-MM-DD HH24:MI'),TO_DATE('2020-12-04 18:00','RRRR-MM-DD HH24:MI'));
INSERT INTO time_sheets VALUES(1002,TO_DATE('2020-12-04','RRRR-MM-DD'),TO_DATE('2020-12-04 09:00','RRRR-MM-DD HH24:MI'),TO_DATE('2020-12-04 12:00','RRRR-MM-DD HH24:MI'),TO_DATE('2020-12-04 13:00','RRRR-MM-DD HH24:MI'),TO_DATE('2020-12-04 18:00','RRRR-MM-DD HH24:MI'));
INSERT INTO time_sheets VALUES(1003,TO_DATE('2020-12-04','RRRR-MM-DD'),TO_DATE('2020-12-04 09:00','RRRR-MM-DD HH24:MI'),TO_DATE('2020-12-04 12:00','RRRR-MM-DD HH24:MI'),TO_DATE('2020-12-04 13:00','RRRR-MM-DD HH24:MI'),TO_DATE('2020-12-04 18:00','RRRR-MM-DD HH24:MI'));
INSERT INTO time_sheets VALUES(1004,TO_DATE('2020-12-04','RRRR-MM-DD'),TO_DATE('2020-12-04 09:00','RRRR-MM-DD HH24:MI'),TO_DATE('2020-12-04 12:00','RRRR-MM-DD HH24:MI'),TO_DATE('2020-12-04 13:00','RRRR-MM-DD HH24:MI'),TO_DATE('2020-12-04 18:00','RRRR-MM-DD HH24:MI'));
INSERT INTO time_sheets VALUES(1005,TO_DATE('2020-12-04','RRRR-MM-DD'),TO_DATE('2020-12-04 09:00','RRRR-MM-DD HH24:MI'),TO_DATE('2020-12-04 12:00','RRRR-MM-DD HH24:MI'),TO_DATE('2020-12-04 13:00','RRRR-MM-DD HH24:MI'),TO_DATE('2020-12-04 18:00','RRRR-MM-DD HH24:MI'));
INSERT INTO time_sheets VALUES(1006,TO_DATE('2020-12-04','RRRR-MM-DD'),TO_DATE('2020-12-04 09:00','RRRR-MM-DD HH24:MI'),TO_DATE('2020-12-04 12:00','RRRR-MM-DD HH24:MI'),TO_DATE('2020-12-04 13:00','RRRR-MM-DD HH24:MI'),TO_DATE('2020-12-04 18:00','RRRR-MM-DD HH24:MI'));

INSERT INTO employee_secret VALUES(1000,TO_DATE('1995-12-23','RRRR-MM-DD'),'テスト問題','テスト回答');
INSERT INTO employee_secret VALUES(1001,TO_DATE('2000-12-23','RRRR-MM-DD'),'テスト問題','テスト回答');
INSERT INTO employee_secret VALUES(1002,TO_DATE('2003-12-23','RRRR-MM-DD'),'テスト問題','テスト回答');
INSERT INTO employee_secret VALUES(1003,TO_DATE('1997-12-23','RRRR-MM-DD'),'テスト問題','テスト回答');
INSERT INTO employee_secret VALUES(1004,TO_DATE('1994-12-23','RRRR-MM-DD'),'テスト問題','テスト回答');
INSERT INTO employee_secret VALUES(1005,TO_DATE('1990-12-23','RRRR-MM-DD'),'テスト問題','テスト回答');
INSERT INTO employee_secret VALUES(1006,TO_DATE('1989-12-23','RRRR-MM-DD'),'テスト問題','テスト回答');

SELECT employeeid, work_day,TO_CHAR(attendance,'HH24:MI'),TO_CHAR(goouttime,'HH24:MI'),TO_CHAR(returntime,'HH24:MI'),TO_CHAR(leaveWork,'HH24:MI') FROM time_sheets;

SELECT TABLE_NAME FROM USER_TABLES;

COLUMN NAME FORMAT A16
COLUMN PASS FORMAT A16
COLUMN CARDID FORMAT A10
COLUMN SECRET_ANSWER FORMAT A20
COLUMN ATTENDANT FORMAT 9999


SELECT * FROM department;
SELECT * FROM employee_list;
SELECT * FROM employee_secret;
SELECT * FROM assignment;
SELECT * FROM time_sheets;
SELECT * FROM time_per_month;
SELECT * FROM dept_total_time;
SELECT * FROM secret_select;
SELECT * FROM time_select;
SELECT * FROM list_select;

commit;

-- UPDATE assignment SET name = kusunoki, department_code = 4 WHERE employeeid = 1004;

-- UPDATE time_sheets SET employeeid = 1006, work_day = TO_DATE('20-12-04','YY-MM-DD');

--UPDATE time_sheets SET attendance = TO_DATE('10:00','HH24:MI') WHERE employeeid = 1006 AND work_day = TO_DATE('2020-12-03','RRRR-MM-DD');